-- Seed oficial de demonstração para testar a Area do Analista na ITECOLOGICA.
-- Aplicar somente depois de:
-- 1. backend/supabase/schema.sql
-- 2. backend/supabase/crm_panel_v1.sql
-- 3. backend/supabase/crm_interactions_v1.sql
-- 4. backend/supabase/diagnosis_v1.sql

-- Leads fictícios
insert into public.crm_leads_public (
  id,
  name,
  company,
  phone,
  email,
  cnpj,
  cnae,
  city,
  state,
  need,
  urgency,
  notes,
  source,
  source_page,
  utm_source,
  utm_medium,
  utm_campaign,
  consent,
  status,
  qualification_status,
  assigned_to,
  first_contact_at,
  next_action,
  next_follow_up_at,
  last_interaction_at,
  last_interaction_summary,
  internal_notes
) values
(
  '11111111-1111-4111-8111-111111111111',
  'Mariana Alves',
  'Eco Horizonte Ltda',
  '34999990001',
  'mariana.alves@eco-horizonte.demo',
  '12.345.678/0001-01',
  '3811-4/00',
  'Iturama',
  'MG',
  'Regularização ambiental para unidade operacional',
  'alta',
  'Lead fictício para fila collecting_inputs.',
  'seed-demo',
  'seed://analista-demo',
  'demo',
  'sql',
  'analista_v1',
  true,
  'em_diagnostico',
  'diagnostico_aberto',
  'analista@itecologica.local',
  now() - interval '3 days',
  'Validar documentos básicos com o cliente',
  now() + interval '1 day',
  now() - interval '1 day',
  'Cliente enviará documentação inicial.',
  'Caso de teste da etapa de coleta.'
),
(
  '22222222-2222-4222-8222-222222222222',
  'Felipe Nogueira',
  'Verde Vale Logística',
  '34999990002',
  'felipe.nogueira@verde-vale.demo',
  '23.456.789/0001-02',
  '4930-2/02',
  'Uberlândia',
  'MG',
  'Mapeamento normativo territorial para expansão',
  'media',
  'Lead fictício para fila ready_to_run.',
  'seed-demo',
  'seed://analista-demo',
  'demo',
  'sql',
  'analista_v1',
  true,
  'em_diagnostico',
  'diagnostico_aberto',
  'analista@itecologica.local',
  now() - interval '4 days',
  'Gerar diagnóstico canônico e preparar run',
  now() + interval '2 days',
  now() - interval '12 hours',
  'Briefing validado pelo comercial.',
  'Pronto para rodar o pipeline.'
),
(
  '33333333-3333-4333-8333-333333333333',
  'Camila Freitas',
  'Biociclo Resíduos Industriais',
  '34999990003',
  'camila.freitas@biociclo.demo',
  '34.567.890/0001-03',
  '3821-1/00',
  'Araxá',
  'MG',
  'PGRSS e fluxo operacional de resíduos',
  'alta',
  'Lead fictício para fila running.',
  'seed-demo',
  'seed://analista-demo',
  'demo',
  'sql',
  'analista_v1',
  true,
  'em_diagnostico',
  'diagnostico_aberto',
  'analista@itecologica.local',
  now() - interval '5 days',
  'Acompanhar execução do agente 02',
  now() + interval '1 day',
  now() - interval '2 hours',
  'Pipeline em andamento.',
  'Caso com run em execução.'
),
(
  '44444444-4444-4444-8444-444444444444',
  'João Pedro Lima',
  'Serra Azul Mineração',
  '34999990004',
  'joao.lima@serra-azul.demo',
  '45.678.901/0001-04',
  '0710-3/01',
  'Patrocínio',
  'MG',
  'Regularização e enquadramento regulatório',
  'critica',
  'Lead fictício para fila awaiting_human_review.',
  'seed-demo',
  'seed://analista-demo',
  'demo',
  'sql',
  'analista_v1',
  true,
  'em_diagnostico',
  'diagnostico_aberto',
  'analista@itecologica.local',
  now() - interval '6 days',
  'Ler saída consolidada e revisar',
  now() + interval '6 hours',
  now() - interval '30 minutes',
  'Saída consolidada pronta para revisão.',
  'Caso em revisão humana.'
),
(
  '55555555-5555-4555-8555-555555555555',
  'Patrícia Moura',
  'Nova Flora Alimentos',
  '34999990005',
  'patricia.moura@nova-flora.demo',
  '56.789.012/0001-05',
  '1031-7/00',
  'Frutal',
  'MG',
  'Diagnóstico de regularização para operação alimentícia',
  'media',
  'Lead fictício para caso aprovado.',
  'seed-demo',
  'seed://analista-demo',
  'demo',
  'sql',
  'analista_v1',
  true,
  'em_diagnostico',
  'diagnostico_aberto',
  'analista@itecologica.local',
  now() - interval '8 days',
  'Avaliar proposta comercial após aprovação',
  now() + interval '3 days',
  now() - interval '1 day',
  'Diagnóstico aprovado pelo analista.',
  'Caso aprovado para sequência comercial.'
)
on conflict (id) do update set
  name = excluded.name,
  company = excluded.company,
  phone = excluded.phone,
  email = excluded.email,
  cnpj = excluded.cnpj,
  cnae = excluded.cnae,
  city = excluded.city,
  state = excluded.state,
  need = excluded.need,
  urgency = excluded.urgency,
  notes = excluded.notes,
  source = excluded.source,
  source_page = excluded.source_page,
  utm_source = excluded.utm_source,
  utm_medium = excluded.utm_medium,
  utm_campaign = excluded.utm_campaign,
  consent = excluded.consent,
  status = excluded.status,
  qualification_status = excluded.qualification_status,
  assigned_to = excluded.assigned_to,
  first_contact_at = excluded.first_contact_at,
  next_action = excluded.next_action,
  next_follow_up_at = excluded.next_follow_up_at,
  last_interaction_at = excluded.last_interaction_at,
  last_interaction_summary = excluded.last_interaction_summary,
  internal_notes = excluded.internal_notes;

-- Casos
insert into public.crm_diagnosis_cases (
  id,
  lead_id,
  diagnosis_type,
  title,
  status,
  priority,
  requested_by_email,
  assigned_to,
  briefing_summary,
  human_review_required,
  approved_at,
  approved_by_email,
  rejected_at,
  rejected_by_email
) values
(
  'aaaaaaa1-aaaa-4aaa-8aaa-aaaaaaaaaaa1',
  '11111111-1111-4111-8111-111111111111',
  'regularizacao_ambiental',
  'regularizacao_ambiental - Eco Horizonte Ltda - Iturama/MG',
  'collecting_inputs',
  'high',
  'comercial@itecologica.local',
  'analista@itecologica.local',
  'Cliente informou necessidade de regularização ambiental e envio parcial de documentos.',
  true,
  null,
  null,
  null,
  null
),
(
  'aaaaaaa2-aaaa-4aaa-8aaa-aaaaaaaaaaa2',
  '22222222-2222-4222-8222-222222222222',
  'mapeamento_normativo_territorial',
  'mapeamento_normativo_territorial - Verde Vale Logística - Uberlândia/MG',
  'ready_to_run',
  'normal',
  'comercial@itecologica.local',
  'analista@itecologica.local',
  'Briefing consolidado para expansão logística com leitura territorial.',
  true,
  null,
  null,
  null,
  null
),
(
  'aaaaaaa3-aaaa-4aaa-8aaa-aaaaaaaaaaa3',
  '33333333-3333-4333-8333-333333333333',
  'pgrss',
  'pgrss - Biociclo Resíduos Industriais - Araxá/MG',
  'running',
  'high',
  'comercial@itecologica.local',
  'analista@itecologica.local',
  'Pipeline já iniciado para estruturar o PGRSS.',
  true,
  null,
  null,
  null,
  null
),
(
  'aaaaaaa4-aaaa-4aaa-8aaa-aaaaaaaaaaa4',
  '44444444-4444-4444-8444-444444444444',
  'regularizacao_ambiental',
  'regularizacao_ambiental - Serra Azul Mineração - Patrocínio/MG',
  'awaiting_human_review',
  'critical',
  'comercial@itecologica.local',
  'analista@itecologica.local',
  'Diagnóstico consolidado e aguardando leitura técnica final.',
  true,
  null,
  null,
  null,
  null
),
(
  'aaaaaaa5-aaaa-4aaa-8aaa-aaaaaaaaaaa5',
  '55555555-5555-4555-8555-555555555555',
  'regularizacao_ambiental',
  'regularizacao_ambiental - Nova Flora Alimentos - Frutal/MG',
  'approved',
  'normal',
  'comercial@itecologica.local',
  'analista@itecologica.local',
  'Caso já aprovado para continuidade comercial.',
  true,
  now() - interval '1 day',
  'analista@itecologica.local',
  null,
  null
)
on conflict (id) do update set
  lead_id = excluded.lead_id,
  diagnosis_type = excluded.diagnosis_type,
  title = excluded.title,
  status = excluded.status,
  priority = excluded.priority,
  requested_by_email = excluded.requested_by_email,
  assigned_to = excluded.assigned_to,
  briefing_summary = excluded.briefing_summary,
  human_review_required = excluded.human_review_required,
  approved_at = excluded.approved_at,
  approved_by_email = excluded.approved_by_email,
  rejected_at = excluded.rejected_at,
  rejected_by_email = excluded.rejected_by_email;

-- Entradas estruturadas
insert into public.crm_diagnosis_inputs (
  id,
  case_id,
  version_number,
  theme,
  territorial_scope,
  customer_context,
  declared_need,
  known_constraints,
  json_payload,
  created_by_email
) values
(
  'bbbbbbb1-bbbb-4bbb-8bbb-bbbbbbbbbbb1',
  'aaaaaaa1-aaaa-4aaa-8aaa-aaaaaaaaaaa1',
  1,
  'regularizacao_ambiental',
  'Iturama/MG',
  'Operação industrial com documentação parcial enviada.',
  'Regularização ambiental da unidade.',
  'Cliente ainda não consolidou licenças históricas.',
  '{"lead_company":"Eco Horizonte Ltda","captacao":"nao","efluentes":"sim","gera_residuos":"sim","licenca":"nao"}'::jsonb,
  'analista@itecologica.local'
),
(
  'bbbbbbb2-bbbb-4bbb-8bbb-bbbbbbbbbbb2',
  'aaaaaaa2-aaaa-4aaa-8aaa-aaaaaaaaaaa2',
  1,
  'mapeamento_normativo_territorial',
  'Uberlândia/MG',
  'Expansão logística em novo território municipal.',
  'Leitura normativa territorial para expansão.',
  'Dependência de validação de zoneamento.',
  '{"lead_company":"Verde Vale Logística","area_sensivel":"nao","pendencia_doc":"sim","monitoramento":"nao"}'::jsonb,
  'analista@itecologica.local'
),
(
  'bbbbbbb3-bbbb-4bbb-8bbb-bbbbbbbbbbb3',
  'aaaaaaa3-aaaa-4aaa-8aaa-aaaaaaaaaaa3',
  1,
  'pgrss',
  'Araxá/MG',
  'Operação com geração recorrente de resíduos e necessidade de plano estruturado.',
  'Estruturar PGRSS e trilha operacional.',
  'Necessidade de consolidar inventário de resíduos.',
  '{"lead_company":"Biociclo Resíduos Industriais","gera_residuos":"sim","perigosos":"sim","licenca":"sim"}'::jsonb,
  'analista@itecologica.local'
),
(
  'bbbbbbb4-bbbb-4bbb-8bbb-bbbbbbbbbbb4',
  'aaaaaaa4-aaaa-4aaa-8aaa-aaaaaaaaaaa4',
  1,
  'regularizacao_ambiental',
  'Patrocínio/MG',
  'Operação mineral com pressão regulatória alta.',
  'Consolidar leitura regulatória e estratégia de regularização.',
  'Prazo curto para leitura final.',
  '{"lead_company":"Serra Azul Mineração","captacao":"sim","efluentes":"sim","passivo":"sim","licenca":"nao"}'::jsonb,
  'analista@itecologica.local'
),
(
  'bbbbbbb5-bbbb-4bbb-8bbb-bbbbbbbbbbb5',
  'aaaaaaa5-aaaa-4aaa-8aaa-aaaaaaaaaaa5',
  1,
  'regularizacao_ambiental',
  'Frutal/MG',
  'Operação alimentícia com documentação já consolidada.',
  'Confirmar adequação regulatória e próximos serviços.',
  'Aguardar apenas etapa comercial.',
  '{"lead_company":"Nova Flora Alimentos","efluentes":"sim","gera_residuos":"sim","licenca":"sim"}'::jsonb,
  'analista@itecologica.local'
)
on conflict (id) do update set
  case_id = excluded.case_id,
  version_number = excluded.version_number,
  theme = excluded.theme,
  territorial_scope = excluded.territorial_scope,
  customer_context = excluded.customer_context,
  declared_need = excluded.declared_need,
  known_constraints = excluded.known_constraints,
  json_payload = excluded.json_payload,
  created_by_email = excluded.created_by_email;

-- Runs
insert into public.crm_diagnosis_runs (
  id,
  case_id,
  run_number,
  status,
  started_at,
  finished_at,
  error_message,
  model_provider,
  model_name,
  execution_mode,
  created_by_email,
  pipeline_manifest,
  final_output
) values
(
  'ccccccc3-cccc-4ccc-8ccc-ccccccccccc3',
  'aaaaaaa3-aaaa-4aaa-8aaa-aaaaaaaaaaa3',
  1,
  'running_agent_02',
  now() - interval '2 hours',
  null,
  null,
  'manual',
  'habilis-pipeline-v1',
  'manual',
  'analista@itecologica.local',
  '{"tema":"pgrss","escopo_territorial":"Araxá/MG"}'::jsonb,
  '{}'::jsonb
),
(
  'ccccccc4-cccc-4ccc-8ccc-ccccccccccc4',
  'aaaaaaa4-aaaa-4aaa-8aaa-aaaaaaaaaaa4',
  1,
  'awaiting_human_review',
  now() - interval '1 day',
  now() - interval '2 hours',
  null,
  'manual',
  'habilis-pipeline-v1',
  'manual',
  'analista@itecologica.local',
  '{"tema":"regularizacao_ambiental","escopo_territorial":"Patrocínio/MG"}'::jsonb,
  '{"enquadramento":{"licenciamento":"trifasico"},"auditoria":{"risco_global":"alto"},"operacional":{"proxima_acao":"revisao humana"}}'::jsonb
),
(
  'ccccccc5-cccc-4ccc-8ccc-ccccccccccc5',
  'aaaaaaa5-aaaa-4aaa-8aaa-aaaaaaaaaaa5',
  1,
  'completed',
  now() - interval '3 days',
  now() - interval '2 days',
  null,
  'manual',
  'habilis-pipeline-v1',
  'manual',
  'analista@itecologica.local',
  '{"tema":"regularizacao_ambiental","escopo_territorial":"Frutal/MG"}'::jsonb,
  '{"enquadramento":{"licenciamento":"simplificado"},"auditoria":{"risco_global":"moderado"},"operacional":{"proxima_acao":"proposta"}}'::jsonb
)
on conflict (id) do update set
  case_id = excluded.case_id,
  run_number = excluded.run_number,
  status = excluded.status,
  started_at = excluded.started_at,
  finished_at = excluded.finished_at,
  error_message = excluded.error_message,
  model_provider = excluded.model_provider,
  model_name = excluded.model_name,
  execution_mode = excluded.execution_mode,
  created_by_email = excluded.created_by_email,
  pipeline_manifest = excluded.pipeline_manifest,
  final_output = excluded.final_output;

-- Steps para caso em execução
insert into public.crm_diagnosis_run_steps (
  id,
  run_id,
  step_order,
  step_code,
  agent_name,
  status,
  prompt_snapshot,
  input_payload,
  output_payload,
  started_at,
  finished_at,
  error_message
) values
(
  'ddddddd1-dddd-4ddd-8ddd-ddddddddddd1',
  'ccccccc3-cccc-4ccc-8ccc-ccccccccccc3',
  1,
  'agent_01',
  'Agente 01 - Coletor Normativo Oficial',
  'completed',
  'seed-demo :: base normativa carregada',
  '{"tema":"pgrss"}'::jsonb,
  '{"meta":{"fonte":"seed"},"base_oficial":{"normas":3}}'::jsonb,
  now() - interval '2 hours',
  now() - interval '90 minutes',
  null
),
(
  'ddddddd2-dddd-4ddd-8ddd-ddddddddddd2',
  'ccccccc3-cccc-4ccc-8ccc-ccccccccccc3',
  2,
  'agent_02',
  'Agente 02 - Estruturador de Enquadramento',
  'running',
  'seed-demo :: enquadramento em andamento',
  '{"tema":"pgrss"}'::jsonb,
  '{}'::jsonb,
  now() - interval '90 minutes',
  null,
  null
),
(
  'ddddddd3-dddd-4ddd-8ddd-ddddddddddd3',
  'ccccccc3-cccc-4ccc-8ccc-ccccccccccc3',
  3,
  'agent_04',
  'Agente 04 - Auditor Regulatorio',
  'pending',
  'seed-demo :: aguardando auditoria',
  '{"tema":"pgrss"}'::jsonb,
  '{}'::jsonb,
  null,
  null,
  null
),
(
  'ddddddd4-dddd-4ddd-8ddd-ddddddddddd4',
  'ccccccc3-cccc-4ccc-8ccc-ccccccccccc3',
  4,
  'agent_03',
  'Agente 03 - Estruturador Operacional e de Servicos',
  'pending',
  'seed-demo :: aguardando operacional',
  '{"tema":"pgrss"}'::jsonb,
  '{}'::jsonb,
  null,
  null,
  null
),
(
  'eeeeeee1-eeee-4eee-8eee-eeeeeeeeeee1',
  'ccccccc4-cccc-4ccc-8ccc-ccccccccccc4',
  1,
  'agent_01',
  'Agente 01 - Coletor Normativo Oficial',
  'completed',
  'seed-demo :: completo',
  '{"tema":"regularizacao_ambiental"}'::jsonb,
  '{"meta":{"fonte":"seed"},"base_oficial":{"normas":5}}'::jsonb,
  now() - interval '1 day',
  now() - interval '22 hours',
  null
),
(
  'eeeeeee2-eeee-4eee-8eee-eeeeeeeeeee2',
  'ccccccc4-cccc-4ccc-8ccc-ccccccccccc4',
  2,
  'agent_02',
  'Agente 02 - Estruturador de Enquadramento',
  'completed',
  'seed-demo :: completo',
  '{"tema":"regularizacao_ambiental"}'::jsonb,
  '{"enquadramento":{"licenciamento":"trifasico"}}'::jsonb,
  now() - interval '22 hours',
  now() - interval '20 hours',
  null
),
(
  'eeeeeee3-eeee-4eee-8eee-eeeeeeeeeee3',
  'ccccccc4-cccc-4ccc-8ccc-ccccccccccc4',
  3,
  'agent_04',
  'Agente 04 - Auditor Regulatorio',
  'completed',
  'seed-demo :: completo',
  '{"tema":"regularizacao_ambiental"}'::jsonb,
  '{"auditoria":{"risco_global":"alto"}}'::jsonb,
  now() - interval '20 hours',
  now() - interval '18 hours',
  null
),
(
  'eeeeeee4-eeee-4eee-8eee-eeeeeeeeeee4',
  'ccccccc4-cccc-4ccc-8ccc-ccccccccccc4',
  4,
  'agent_03',
  'Agente 03 - Estruturador Operacional e de Servicos',
  'completed',
  'seed-demo :: completo',
  '{"tema":"regularizacao_ambiental"}'::jsonb,
  '{"operacional":{"proxima_acao":"revisao humana"},"servico":{"escopo":"regularizacao"}}'::jsonb,
  now() - interval '18 hours',
  now() - interval '16 hours',
  null
),
(
  'fffffff1-ffff-4fff-8fff-fffffffffff1',
  'ccccccc5-cccc-4ccc-8ccc-ccccccccccc5',
  1,
  'agent_01',
  'Agente 01 - Coletor Normativo Oficial',
  'completed',
  'seed-demo :: completo',
  '{"tema":"regularizacao_ambiental"}'::jsonb,
  '{"meta":{"fonte":"seed"},"base_oficial":{"normas":4}}'::jsonb,
  now() - interval '3 days',
  now() - interval '70 hours',
  null
),
(
  'fffffff2-ffff-4fff-8fff-fffffffffff2',
  'ccccccc5-cccc-4ccc-8ccc-ccccccccccc5',
  2,
  'agent_02',
  'Agente 02 - Estruturador de Enquadramento',
  'completed',
  'seed-demo :: completo',
  '{"tema":"regularizacao_ambiental"}'::jsonb,
  '{"enquadramento":{"licenciamento":"simplificado"}}'::jsonb,
  now() - interval '70 hours',
  now() - interval '66 hours',
  null
),
(
  'fffffff3-ffff-4fff-8fff-fffffffffff3',
  'ccccccc5-cccc-4ccc-8ccc-ccccccccccc5',
  3,
  'agent_04',
  'Agente 04 - Auditor Regulatorio',
  'completed',
  'seed-demo :: completo',
  '{"tema":"regularizacao_ambiental"}'::jsonb,
  '{"auditoria":{"risco_global":"moderado"}}'::jsonb,
  now() - interval '66 hours',
  now() - interval '62 hours',
  null
),
(
  'fffffff4-ffff-4fff-8fff-fffffffffff4',
  'ccccccc5-cccc-4ccc-8ccc-ccccccccccc5',
  4,
  'agent_03',
  'Agente 03 - Estruturador Operacional e de Servicos',
  'completed',
  'seed-demo :: completo',
  '{"tema":"regularizacao_ambiental"}'::jsonb,
  '{"operacional":{"proxima_acao":"proposta"},"servico":{"escopo":"licenciamento"}}'::jsonb,
  now() - interval '62 hours',
  now() - interval '58 hours',
  null
)
on conflict (id) do update set
  run_id = excluded.run_id,
  step_order = excluded.step_order,
  step_code = excluded.step_code,
  agent_name = excluded.agent_name,
  status = excluded.status,
  prompt_snapshot = excluded.prompt_snapshot,
  input_payload = excluded.input_payload,
  output_payload = excluded.output_payload,
  started_at = excluded.started_at,
  finished_at = excluded.finished_at,
  error_message = excluded.error_message;

-- Artefatos canônicos para casos em estágio útil
insert into public.crm_diagnosis_artifacts (
  id,
  case_id,
  run_id,
  artifact_type,
  mime_type,
  metadata,
  created_by_email
) values
(
  '99999991-9999-4999-8999-999999999991',
  'aaaaaaa2-aaaa-4aaa-8aaa-aaaaaaaaaaa2',
  null,
  'canonical_diagnosis_json',
  'application/json',
  '{"generated_by":"seed-demo","answer_count":6,"payload":{"risk_level":"Moderado","tipo_licenciamento":"Mapeamento territorial","estrategia":[{"etapa":1,"titulo":"Leitura normativa"}]}}'::jsonb,
  'analista@itecologica.local'
),
(
  '99999994-9999-4999-8999-999999999994',
  'aaaaaaa4-aaaa-4aaa-8aaa-aaaaaaaaaaa4',
  'ccccccc4-cccc-4ccc-8ccc-ccccccccccc4',
  'canonical_diagnosis_json',
  'application/json',
  '{"generated_by":"seed-demo","answer_count":9,"payload":{"risk_level":"Alto","tipo_licenciamento":"Trifásico","estrategia":[{"etapa":1,"titulo":"Revisão final"}]}}'::jsonb,
  'analista@itecologica.local'
),
(
  '99999995-9999-4999-8999-999999999995',
  'aaaaaaa5-aaaa-4aaa-8aaa-aaaaaaaaaaa5',
  'ccccccc5-cccc-4ccc-8ccc-ccccccccccc5',
  'canonical_diagnosis_json',
  'application/json',
  '{"generated_by":"seed-demo","answer_count":7,"payload":{"risk_level":"Moderado","tipo_licenciamento":"Simplificado","estrategia":[{"etapa":1,"titulo":"Aprovação comercial"}]}}'::jsonb,
  'analista@itecologica.local'
)
on conflict (id) do update set
  case_id = excluded.case_id,
  run_id = excluded.run_id,
  artifact_type = excluded.artifact_type,
  mime_type = excluded.mime_type,
  metadata = excluded.metadata,
  created_by_email = excluded.created_by_email;

-- Vincular runs correntes aos casos correspondentes
update public.crm_diagnosis_cases
set current_run_id = 'ccccccc3-cccc-4ccc-8ccc-ccccccccccc3'
where id = 'aaaaaaa3-aaaa-4aaa-8aaa-aaaaaaaaaaa3';

update public.crm_diagnosis_cases
set current_run_id = 'ccccccc4-cccc-4ccc-8ccc-ccccccccccc4'
where id = 'aaaaaaa4-aaaa-4aaa-8aaa-aaaaaaaaaaa4';

update public.crm_diagnosis_cases
set current_run_id = 'ccccccc5-cccc-4ccc-8ccc-ccccccccccc5'
where id = 'aaaaaaa5-aaaa-4aaa-8aaa-aaaaaaaaaaa5';
